samples,executor,runs,median_time,median_throughput,accepted,rejected
100,Local,3,17.3299096,5.770370550576906,60,40
100,Ray-2W,3,17.645895800000005,5.667040151058807,60,40
100,Ray-4W,3,14.173808899999983,7.055266562822088,60,40
500,Local,3,105.74366540000005,4.72841562762775,329,171
500,Ray-2W,3,91.16140919999998,5.4847769948690095,329,171
500,Ray-4W,3,64.18918929999995,7.78947367076344,329,171
1000,Local,3,217.42273950000003,4.5993349283504905,671,329
1000,Ray-2W,3,180.0292260000001,5.554653664955485,671,329
1000,Ray-4W,3,124.33437619999995,8.042827981791897,671,329
